time,x_odom,y_odom,yaw_odom
1787560162.728703,0.0,0.0,0.027984753251075748
1787560162.8013039,0.0,0.0,0.027994275093078617
1787560162.8423407,0.0,0.0,0.027965024113655094
1787560162.8928905,0.0,0.0,0.027861312031745914
1787560162.9459615,0.0,0.0,0.02779456973075867
1787560162.9894347,0.0,0.0,0.02782987058162689
1787560163.0492938,0.0,0.0,0.027845233678817752
1787560163.0977817,0.0,0.0,0.02783657610416413
1787560163.1484416,0.0,0.0,0.02783510088920594
1787560163.1916287,0.0,0.0,0.02779039740562439
1787560163.2462094,0.0,0.0,0.027753204107284553
1787560163.2904985,0.0,0.0,0.027784556150436405
1787560163.3506818,0.0,0.0,0.027801886200904846
1787560163.3943982,0.0,0.0,0.02783431112766266
1787560163.4164517,0.0,0.0,0.027852565050125126
1787560163.4655821,0.0,0.0,0.027851581573486328
1787560163.516993,0.0,0.0,0.027803286910057075
1787560163.56576,0.0,0.0,0.02778349816799164
1787560163.6152756,0.0,0.0,0.02768009901046753
1787560163.6662123,0.0,0.0,0.027729913592338562
1787560163.718912,0.0,0.0,0.027783140540122986
1787560163.7691762,0.0,0.0,0.027809515595436096
1787560163.8154726,0.0,0.0,0.027802109718322754
1787560163.8652961,0.0,0.0,0.027756065130233768
1787560163.9153411,0.0,0.0,0.0276855081319809
1787560163.9653785,0.0,0.0,0.02763387560844421
1787560164.0154262,0.0,0.0,0.02766211330890655
1787560164.066369,0.0,0.0,0.027765303850173954
1787560164.1152322,0.0,0.0,0.027828812599182132
1787560164.166307,0.0,0.0,0.027820825576782227
1787560164.2150335,0.0,0.0,0.02780310809612274
1787560164.2654994,0.0,0.0,0.027832105755805962
1787560164.3246088,0.0,0.0,0.02772617340087891
1787560164.3661385,0.0,0.0,0.02775019407272339
1787560164.415341,0.0,0.0,0.02776126563549042
1787560164.4672458,0.0,0.0,0.02776072919368744
1787560164.520537,0.0,0.0,0.027719974517822266
1787560164.5660357,0.0,0.0,0.027687653899192803
1787560164.6161795,0.0,0.0,0.02758973836898804
1787560164.6652865,0.0,0.0,0.027650088071823124
1787560164.7152545,0.0,0.0,0.02768160402774811
1787560164.765252,0.0,0.0,0.0277038961648941
1787560164.815418,0.0,0.0,0.027750283479690552
1787560164.8676887,0.0,0.0,0.02772398293018341
1787560164.9155352,0.0,0.0,0.02770395576953888
1787560164.965455,0.0,0.0,0.02758117020130158
1787560165.0154512,0.0,0.0,0.027570694684982303
1787560165.0651276,0.0,0.0,0.027633294463157654
1787560165.1171906,0.0,0.0,0.027673736214637756
1787560165.1677263,0.0,0.0,0.027663126587867744
1787560165.2157023,0.0,0.0,0.027666687965393073
1787560165.2647514,0.0,0.0,0.02760383486747742
1787560165.315382,0.0,0.0,0.027465581893920895
1787560165.3652425,0.0,0.0,0.027461662888526923
1787560165.4172575,0.0,0.0,0.02757519483566285
1787560165.4658334,0.0,0.0,0.02762129902839661
1787560165.515108,0.0,0.0,0.02764993906021119
1787560165.5661378,0.0,0.0,0.027606591582298286
1787560165.6152723,0.0,0.0,0.027568802237510688
1787560165.6652122,0.0,0.0,0.027574047446250916
1787560165.7213902,0.0,0.0,0.027607321739196777
1787560165.7667,0.0,0.0,0.027681201696395877
1787560165.8196216,0.0,0.0,0.027722850441932678
1787560165.8712392,0.0,0.0,0.027701884508132938
1787560165.9184484,0.0,0.0,0.027686327695846558
1787560165.9661517,0.0,0.0,0.027643203735351562
1787560166.0154905,0.0,0.0,0.02753360569477081
1787560166.0652027,0.0,0.0,0.02757397294044494
1787560166.1203718,0.0,0.0,0.02763384580612183
1787560166.1695683,0.0,0.0,0.02765709161758423
1787560166.2157998,0.0,0.0,0.027657210826873783
1787560166.2671373,0.0,0.0,0.027607709169387817
1787560166.3153338,0.0,0.0,0.027517154812812805
1787560166.3721998,0.0,0.0,0.027541384100914012
1787560166.4151633,0.0,0.0,0.027569398283958435
1787560166.4653676,0.0,0.0,0.027646794915199283
1787560166.5154192,0.0,0.0,0.027703583240509033
1787560166.5691314,0.0,0.0,0.02769854664802551
1787560166.6153061,0.0,0.0,0.027666240930557254
1787560166.6726227,0.0,0.0,0.027628749608993534
1787560166.7165134,0.0,0.0,0.027489960193634044
1787560166.7687874,0.0,0.0,0.02751511335372925
1787560166.816297,0.0,0.0,0.0275808721780777
1787560166.8652272,0.0,0.0,0.027628466486930847
1787560166.9154212,0.0,0.0,0.027635172009468082
1787560166.968838,0.0,0.0,0.027619853615760807
1787560167.0253646,0.0,0.0,0.02753932774066925
1787560167.066475,0.0,0.0,0.027455329895019535
1787560167.1150153,0.0,0.0,0.027404949069023132
1787560167.1655405,0.0,0.0,0.02748960256576538
1787560167.215792,0.0,0.0,0.02760545909404755
1787560167.267434,0.0,0.0,0.027627781033515937
1787560167.318905,0.0,0.0,0.027624309062957764
1787560167.3662095,0.0,0.0,0.027585938572883613
1787560167.4161584,0.0,0.0,0.02748657763004303
1787560167.467621,0.0,0.0,0.02754709124565124
1787560167.5153782,0.0,0.0,0.027592167258262634
1787560167.5661755,0.0,0.0,0.027611032128334045
1787560167.6157415,0.0,0.0,0.027717009186744693
1787560167.6653023,0.0,0.0,0.02774326503276825
1787560167.7155578,0.0,0.0,0.027706205844879154
1787560167.7706347,0.0,0.0,0.027698531746864322
1787560167.8168635,0.0,0.0,0.0277087390422821
1787560167.8672101,0.0,0.0,0.027757078409194953
1787560167.9233546,0.0,0.0,0.02781552076339722
1787560167.971716,0.0,0.0,0.027886271476745602
1787560168.0156198,0.0,0.0,0.027881473302841193
1787560168.0652409,0.0,0.0,0.02786460518836975
1787560168.1154163,0.0,0.0,0.02781462669372558
1787560168.1704893,0.0,0.0,0.027817845344543457
1787560168.215507,0.0,0.0,0.02788001298904419
1787560168.266382,0.0,0.0,0.028032496571540836
1787560168.3172932,0.0,0.0,0.028106838464736945
1787560168.3649445,0.0,0.0,0.028121694922447205
1787560168.4152853,0.0,0.0,0.02806523442268372
1787560168.4690783,0.0,0.0,0.028075590729713447
1787560168.5182252,0.0,0.0,0.02805249392986298
1787560168.5728405,0.0,0.0,0.028170421719551086
1787560168.622186,0.0,0.0,0.02819398045539856
1787560168.6692584,0.0,0.0,0.028189077973365787
1787560168.7152042,0.0,0.0,0.028152748942375176
1787560168.7664,0.0,0.0,0.028127372264862064
1787560168.818391,0.0,0.0,0.028025493025779724
1787560168.865154,0.0,0.0,0.0279836505651474
1787560168.9153006,0.0,0.0,0.028029322624206543
1787560168.9691894,0.0,0.0,0.028171733021736145
1787560169.0194204,0.0,0.0,0.028129264712333686
1787560169.0717077,0.0,0.0,0.028129681944847107
1787560169.115323,0.0,0.0,0.02808225154876709
1787560169.169479,0.0,0.0,0.028150871396064765
1787560169.2153277,0.0,0.0,0.028188660740852352
1787560169.2666986,0.0,0.0,0.02819401025772095
1787560169.3199365,0.0,0.0,0.028154969215393066
1787560169.3690703,0.0,0.0,0.02814266085624695
1787560169.4157002,0.0,0.0,0.02814266085624695
1787560169.4653575,0.0,0.0,0.028176173567771915
1787560169.5150306,0.0,0.0,0.028220981359481815
1787560169.5657086,0.0,0.0,0.028286367654800415
1787560169.6151972,0.0,0.0,0.028242155909538276
1787560169.665775,0.0,0.0,0.028204798698425286
1787560169.7172592,0.0,0.0,0.028158277273178104
1787560169.7675982,0.0,0.0,0.028171062469482422
1787560169.8152921,0.0,0.0,0.028213411569595344
1787560169.8663266,0.0,0.0,0.028200745582580566
1787560169.9150872,0.0,0.0,0.02815666794776917
1787560169.9665205,0.0,0.0,0.028129562735557556
1787560170.0152285,0.0,0.0,0.02812694013118744
1787560170.0675814,0.0,0.0,0.028092235326766975
1787560170.1153727,0.0,0.0,0.028131410479545593
1787560170.165106,0.0,0.0,0.02811436355113984
1787560170.215334,0.0,0.0,0.028094321489334106
1787560170.2651575,0.0,0.0,0.028046414256095883
1787560170.315324,0.0,0.0,0.02800628542900086
1787560170.3653593,0.0,0.0,0.028066381812095642
1787560170.418096,0.0,0.0,0.028094306588172916
1787560170.4685466,0.0,0.0,0.028126806020736694
1787560170.5174031,0.0,0.0,0.02808620035648346
1787560170.567122,0.0,0.0,0.02806282043457032
1787560170.6154876,0.0,0.0,0.02803970873355866
1787560170.6656597,0.0,0.0,0.028086274862289432
1787560170.715598,0.0,0.0,0.02813701331615449
1787560170.765775,0.0,0.0,0.028132602572441108
1787560170.8161664,0.0,0.0,0.028139948844909668
1787560170.8702855,0.0,0.0,0.028117701411247253
1787560170.9175441,0.0,0.0,0.028049826622009277
1787560170.9740994,0.0,0.0,0.028022408485412598
1787560171.016412,0.0,0.0,0.02807912230491638
1787560171.0656164,0.0,0.0,0.028105318546295163
1787560171.1187444,0.0,0.0,0.028124421834945682
1787560171.1649745,0.0,0.0,0.028116509318351746
1787560171.2150419,0.0,0.0,0.02807790040969849
1787560171.2653012,0.0,0.0,0.028018996119499207
1787560171.3189816,0.0,0.0,0.028098180890083313
1787560171.3735604,0.0,0.0,0.028147339820861816
1787560171.4154902,0.0,0.0,0.028225988149642944
1787560171.467656,0.0,0.0,0.028206601738929755
1787560171.5164886,0.0,0.0,0.028127819299697873
1787560171.5668278,0.0,0.0,0.02803689241409302
1787560171.6159158,0.0,0.0,0.028139352798461918
1787560171.66557,0.0,0.0,0.028140231966972344
1787560171.71559,0.0,0.0,0.028162658214569092
1787560171.76544,0.0,0.0,0.028206452727317814
1787560171.8221703,0.0,0.0,0.02816680073738098
1787560171.865501,0.0,0.0,0.028139337897300724
1787560171.915526,0.0,0.0,0.028136849403381348
1787560171.9715302,0.0,0.0,0.02817052602767944
1787560172.0156813,0.0,0.0,0.028225556015968323
1787560172.0669732,0.0,0.0,0.02830122411251068
1787560172.1171474,0.0,0.0,0.02830423414707185
1787560172.167519,0.0,0.0,0.028269931674003605
1787560172.221283,0.0,0.0,0.02821765840053559
1787560172.2684367,0.0,0.0,0.028205156326293942
1787560172.3156276,0.0,0.0,0.028101235628128055
1787560172.3653147,0.0,0.0,0.028175398707389835
1787560172.4154336,0.0,0.0,0.028170764446258545
1787560172.4655893,0.0,0.0,0.028213381767272956
1787560172.5158727,0.0,0.0,0.028187632560729987
1787560172.5651653,0.0,0.0,0.028176695108413693
1787560172.6164238,0.0,0.0,0.02813117206096649
1787560172.6662433,0.0,0.0,0.028132498264312748
1787560172.7187018,0.0,0.0,0.028137505054473877
1787560172.770603,0.0,0.0,0.02822120487689972
1787560172.8152056,0.0,0.0,0.028263971209526062
1787560172.8652816,0.0,0.0,0.028322458267211914
1787560172.9166555,0.0,0.0,0.028278216719627384
1787560172.9663424,0.0,0.0,0.028193175792694092
1787560173.0153084,0.0,0.0,0.028238385915756226
1787560173.0656478,0.0,0.0,0.028248935937881466
1787560173.118759,0.0,0.0,0.028269231319427497
1787560173.165822,0.0,0.0,0.028266474604606632
1787560173.2176611,0.0,0.0,0.02823591232299805
1787560173.2685747,0.0,0.0,0.028218194842338562
1787560173.3157244,0.0,0.0,0.028237715363502502
1787560173.367953,0.0,0.0,0.02824091911315918
1787560173.416672,0.0,0.0,0.028269976377487186
1787560173.4654386,0.0,0.0,0.028274729847908027
1787560173.5170178,0.0,0.0,0.028237149119377136
1787560173.5655403,0.0,0.0,0.028229802846908566
1787560173.6167095,0.0,0.0,0.028217077255249027
1787560173.6661935,0.0,0.0,0.02822539210319519
1787560173.7155187,0.0,0.0,0.02825348079204559
1787560173.7698245,0.0,0.0,0.028262287378311154
1787560173.8178952,0.0,0.0,0.028264775872230533
1787560173.8661022,0.0,0.0,0.02826686203479767
1787560173.9155216,0.0,0.0,0.02828662097454071
1787560173.9656293,0.0,0.0,0.0280153751373291
1787560174.017601,0.0,0.0,0.028081268072128303
1787560174.0682645,0.0,0.0,0.028096690773963928
1787560174.117131,0.0,0.0,0.028105884790420525
1787560174.1682682,0.0,0.0,0.028093129396438606
1787560174.2185433,0.0,0.0,0.028059780597686768
1787560174.2655475,0.0,0.0,0.027917996048927307
1787560174.3164022,0.0,0.0,0.028016090393066406
1787560174.3676016,0.0,0.0,0.028031826019287106
1787560174.4175808,0.0,0.0,0.02808259427547454
1787560174.4657588,0.0,0.0,0.02807435393333435
1787560174.5152855,0.0,0.0,0.028067663311958316
1787560174.565587,0.0,0.0,0.02793368697166443
1787560174.6155155,0.0,0.0,0.027967900037765513
1787560174.6660223,0.0,0.0,0.027981802821159373
1787560174.7195604,0.0,0.0,0.028082460165023804
1787560174.7656717,0.0,0.0,0.02825739979743957
1787560174.8156826,0.0,0.0,0.028267860412597656
1787560174.8677208,0.0,0.0,0.0282268226146698
1787560174.9203236,0.0,0.0,0.02819034457206726
1787560174.9654639,0.0,0.0,0.02807417511940002
1787560175.015587,0.0,0.0,0.028077363967895508
1787560175.0652907,0.0,0.0,0.028116166591644287
1787560175.1157053,0.0,0.0,0.0282202661037445
1787560175.1669078,0.0,0.0,0.02841648459434509
1787560175.2167106,0.0,0.0,0.028399109840393073
1787560175.2674694,0.0,0.0,0.02833828330039978
1787560175.314997,0.0,0.0,0.02829734981060028
1787560175.3657153,0.0,0.0,0.028242409229278564
1787560175.4166067,0.0,0.0,0.02834354341030121
1787560175.4673867,0.0,0.0,0.028425008058547977
1787560175.5184617,0.0,0.0,0.028506174683570855
1787560175.570126,0.0,0.0,0.02849730849266053
1787560175.6150541,0.0,0.0,0.028498157858848575
1787560175.6649365,0.0,0.0,0.028314709663391117
1787560175.7164226,0.0,0.0,0.02818825840950012
1787560175.765368,0.0,0.0,0.028191536664962772
1787560175.8153913,0.0,0.0,0.028286054730415355
1787560175.8677697,0.0,0.0,0.028305768966674815
1787560175.9197955,0.0,0.0,0.028283134102821354
1787560175.9759166,0.0,0.0,0.02827189862728119
1787560176.018227,0.0,0.0,0.028200089931488044
1787560176.0654123,0.0,0.0,0.028144165873527527
1787560176.1154704,0.0,0.0,0.028189927339553833
1787560176.1653898,0.0,0.0,0.028247773647308353
1787560176.2195158,0.0,0.0,0.028235390782356266
1787560176.2675471,0.0,0.0,0.028516605496406555
1787560176.3166797,0.0,0.0,0.02855470776557922
1787560176.3654075,0.0,0.0,0.02851501107215882
1787560176.4155276,0.0,0.0,0.028468191623687748
1787560176.467586,0.0,0.0,0.028322771191596985
1787560176.515516,0.0,0.0,0.02835769951343536
1787560176.5654082,0.0,0.0,0.02844747900962829
1787560176.6155992,0.0,0.0,0.02861586213111878
1787560176.666796,0.0,0.0,0.02867014706134796
1787560176.7154977,0.0,0.0,0.028682723641395565
1787560176.767711,0.0,0.0,0.028646469116210938
1787560176.8153098,0.0,0.0,0.028662651777267456
1787560176.8665023,0.0,0.0,0.028483450412750244
1787560176.9175212,0.0,0.0,0.028472036123275757
1787560176.9657028,0.0,0.0,0.028613105416297923
1787560177.0157297,0.0,0.0,0.0287153422832489
1787560177.065484,0.0,0.0,0.028737664222717278
1787560177.1165884,0.0,0.0,0.028812915086746216
1787560177.1692202,0.0,0.0,0.028791457414627075
1787560177.215848,0.0,0.0,0.02877320349216461
1787560177.2654908,0.0,0.0,0.028734430670738224
1787560177.3154132,0.0,0.0,0.028773844242095947
1787560177.365879,0.0,0.0,0.028816521167755134
1787560177.4155617,0.0,0.0,0.028800830245018005
1787560177.4657395,0.0,0.0,0.028814196586608887
1787560177.5178647,0.0,0.0,0.028735116124153137
1787560177.565863,0.0,0.0,0.02868373692035675
1787560177.6155264,0.0,0.0,0.02866987884044647
1787560177.669673,0.0,0.0,0.028693601489067078
1787560177.7156215,0.0,0.0,0.028713345527648926
1787560177.7652593,0.0,0.0,0.028766721487045288
1787560177.815782,0.0,0.0,0.02890302240848542
1787560177.86795,0.0,0.0,0.028896555304527283
1787560177.9162152,0.0,0.0,0.028905436396598812
1787560177.966582,0.0,0.0,0.028849810361862183
1787560178.0165558,0.0,0.0,0.028883963823318485
1787560178.0666962,0.0,0.0,0.028937637805938717
1787560178.1151798,0.0,0.0,0.02903182804584503
1787560178.1756167,0.0,0.0,0.029047325253486637
1787560178.216557,0.0,0.0,0.029021546244621277
1787560178.2694976,0.0,0.0,0.028958290815353394
1787560178.316511,0.0,0.0,0.02898357808589936
1787560178.3677413,0.0,0.0,0.02894113957881928
1787560178.4158216,0.0,0.0,0.02899686992168426
1787560178.4676197,0.0,0.0,0.029029726982116703
1787560178.51559,0.0,0.0,0.029094561934471137
1787560178.5658445,0.0,0.0,0.02917486429214478
1787560178.6171494,0.0,0.0,0.029235124588012692
1787560178.6659281,0.0,0.0,0.029173046350479126
1787560178.7159803,0.0,0.0,0.029117658734321598
1787560178.7681262,0.0,0.0,0.029052764177322388
1787560178.8215537,0.0,0.0,0.029142796993255615
1787560178.8661783,0.0,0.0,0.02917321026325225
1787560178.9163172,0.0,0.0,0.029135584831237793
1787560178.96587,0.0,0.0,0.02914766967296601
1787560179.0156465,0.0,0.0,0.029063656926155087
1787560179.0649614,0.0,0.0,0.029026761651039124
1787560179.1154163,0.0,0.0,0.028879001736640934
1787560179.16578,0.0,0.0,0.02892462909221649
1787560179.2152035,0.0,0.0,0.028922468423843384
1787560179.2732356,0.0,0.0,0.02893881499767304
1787560179.3158674,0.0,0.0,0.02891862392425537
1787560179.3660107,0.0,0.0,0.028899356722831723
1787560179.4254086,0.0,0.0,0.028812840580940247
1787560179.466608,0.0,0.0,0.028811261057853695
1787560179.5168066,0.0,0.0,0.02883470058441162
1787560179.5650733,0.0,0.0,0.028884440660476688
1787560179.6184175,0.0,0.0,0.028937429189682007
1787560179.6655364,0.0,0.0,0.028944954276084903
1787560179.7158124,0.0,0.0,0.02893543243408203
1787560179.7737057,0.0,0.0,0.028886482119560238
1787560179.8154142,0.0,0.0,0.028889819979667667
1787560179.8654861,0.0,0.0,0.028819590806961056
1787560179.9166892,0.0,0.0,0.028833210468292236
1787560179.9652078,0.0,0.0,0.02887830138206482
1787560180.0169773,0.0,0.0,0.029066920280456543
1787560180.0706027,0.0,0.0,0.029043406248092655
1787560180.1165462,0.0,0.0,0.029023483395576477
1787560180.1659536,0.0,0.0,0.028996199369430542
1787560180.2161937,0.0,0.0,0.02894069254398346
1787560180.2667527,0.0,0.0,0.02890816330909729
1787560180.3184774,0.0,0.0,0.028983414173126217
1787560180.3662903,0.0,0.0,0.029006347060203556
1787560180.419671,0.0,0.0,0.029004260897636414
1787560180.4673986,0.0,0.0,0.028976157307624817
1787560180.5186112,0.0,0.0,0.02897204458713532
1787560180.5655081,0.0,0.0,0.02895282208919525
1787560180.6196415,0.0,0.0,0.02887937426567078
1787560180.666378,0.0,0.0,0.028922066092491153
1787560180.7172427,0.0,0.0,0.02901481091976166
1787560180.7690158,0.0,0.0,0.029092580080032356
1787560180.815425,0.0,0.0,0.029139652848243717
1787560180.8657103,0.0,0.0,0.029118716716766364
1787560180.9153686,0.0,0.0,0.02907334268093109
1787560180.9694793,0.0,0.0,0.029043391346931464
1787560181.0150437,0.0,0.0,0.02908466756343842
1787560181.0658092,0.0,0.0,0.02914066612720489
1787560181.1175156,0.0,0.0,0.029222428798675537
1787560181.167675,0.0,0.0,0.029288828372955322
1787560181.2163494,0.0,0.0,0.029247894883155826
1787560181.2664778,0.0,0.0,0.029147252440452572
1787560181.3172767,0.0,0.0,0.029133945703506473
1787560181.3658445,0.0,0.0,0.02916492521762848
1787560181.4183652,0.0,0.0,0.029184371232986443
1787560181.4664452,0.0,0.0,0.029198437929153446
1787560181.5167344,0.0,0.0,0.029268488287925724
1787560181.5694664,0.0,0.0,0.029247000813484192
1787560181.6152968,0.0,0.0,0.029163017868995667
1787560181.6652987,0.0,0.0,0.02913759648799897
1787560181.7173126,0.0,0.0,0.029078111052513123
1787560181.7676902,0.0,0.0,0.0291202962398529
1787560181.8156772,0.0,0.0,0.02917604148387909
1787560181.8651206,0.0,0.0,0.02919499576091767
1787560181.9166903,0.0,0.0,0.029179066419601444
1787560181.966711,0.0,0.0,0.02916795015335083
1787560182.0152173,0.0,0.0,0.029178947210311886
1787560182.0670679,0.0,0.0,0.029156416654586792
1787560182.1174805,0.0,0.0,0.029160931706428528
1787560182.1676414,0.0,0.0,0.029184058308601383
1787560182.2153947,0.0,0.0,0.029197841882705695
1787560182.2676308,0.0,0.0,0.029212489724159237
1787560182.3150647,0.0,0.0,0.029187828302383416
1787560182.3666625,0.0,0.0,0.029205918312072754
1787560182.4173625,0.0,0.0,0.029096543788909905
1787560182.4669173,0.0,0.0,0.02910113334655762
1787560182.5205295,0.0,0.0,0.029126048088073727
1787560182.5654202,0.0,0.0,0.0292329341173172
1787560182.6161315,0.0,0.0,0.029214754700660713
1787560182.6662583,0.0,0.0,0.029228702187538144
1787560182.7153952,0.0,0.0,0.029214560985565196
1787560182.7662292,0.0,0.0,0.029159367084503177
1787560182.815221,0.0,0.0,0.02912862598896027
1787560182.8692734,0.0,0.0,0.029098734259605404
1787560182.9162638,0.0,0.0,0.0291624516248703
1787560182.9655774,0.0,0.0,0.02926339209079742
1787560183.015364,0.0,0.0,0.029321610927581794
1787560183.0653596,0.0,0.0,0.029307812452316284
1787560183.115792,0.0,0.0,0.029300063848495483
1787560183.1663241,0.0,0.0,0.029291570186614987
1787560183.2153456,0.0,0.0,0.029279023408889777
1787560183.2654858,0.0,0.0,0.029323562979698185
1787560183.3162253,0.0,0.0,0.029359266161918644
1787560183.3664358,0.0,0.0,0.029342770576477047
1787560183.4155684,0.0,0.0,0.029333382844924934
1787560183.465651,0.0,0.0,0.029295444488525394
1787560183.5156715,0.0,0.0,0.02925457060337067
1787560183.5653038,0.0,0.0,0.029200688004493717
1787560183.6154187,0.0,0.0,0.029257208108901984
1787560183.66601,0.0,0.0,0.029396623373031623
1787560183.7149343,0.0,0.0,0.029470384120941162
1787560183.7657275,0.0,0.0,0.029523253440856934
1787560183.8151627,0.0,0.0,0.029423579573631283
1787560183.8658457,0.0,0.0,0.029447361826896664
1787560183.9170804,0.0,0.0,0.02934245765209198
1787560183.9699967,0.0,0.0,0.029299572110176097
1787560184.0225108,0.0,0.0,0.029382511973381046
1787560184.0657592,0.0,0.0,0.029464334249496463
1787560184.119995,0.0,0.0,0.029536291956901547
1787560184.166181,0.0,0.0,0.029533758759498593
1787560184.2177193,0.0,0.0,0.029531031847000122
1787560184.2667227,0.0,0.0,0.02940846979618073
1787560184.3151498,0.0,0.0,0.029188275337219242
1787560184.3683994,0.0,0.0,0.029278427362442024
1787560184.4161673,0.0,0.0,0.02936522662639618
1787560184.4746363,0.0,0.0,0.029341489076614383
1787560184.5175726,0.0,0.0,0.02935397624969482
1787560184.5661936,0.0,0.0,0.029319956898689273
1787560184.615381,0.0,0.0,0.029269620776176453
1787560184.6690211,0.0,0.0,0.02926228940486908
1787560184.7177546,0.0,0.0,0.029234305024147037
1787560184.7670712,0.0,0.0,0.029280185699462894
1787560184.8158336,0.0,0.0,0.029108554124832157
1787560184.8655362,0.0,0.0,0.029142320156097412
1787560184.9158692,0.0,0.0,0.029186993837356564
1787560184.965524,0.0,0.0,0.02928072214126587
1787560185.0161772,0.0,0.0,0.02926228940486908
1787560185.0705435,0.0,0.0,0.02927084267139435
1787560185.1177373,0.0,0.0,0.029083698987960822
1787560185.166002,0.0,0.0,0.028967633843421933
1787560185.2162828,0.0,0.0,0.02898980677127839
1787560185.2653725,0.0,0.0,0.02901688218116761
1787560185.3152344,0.0,0.0,0.02904929220676422
1787560185.372442,0.0,0.0,0.029013797640800483
1787560185.41551,0.0,0.0,0.028971835970878598
1787560185.4705684,0.0,0.0,0.028717353940010074
1787560185.5162702,0.0,0.0,0.028651848435401917
1787560185.5686505,0.0,0.0,0.028730869293212884
1787560185.6188765,0.0,0.0,0.028782159090042114
1787560185.6721716,0.0,0.0,0.028748154640197754
1787560185.7151604,0.0,0.0,0.028760313987731937
1787560185.7673855,0.0,0.0,0.02871336042881012
1787560185.8161938,0.0,0.0,0.028678476810455326
1787560185.8654535,0.0,0.0,0.02865840494632721
1787560185.9156997,0.0,0.0,0.028772920370101936
1787560185.9657593,0.0,0.0,0.028777197003364563
1787560186.0164478,0.0,0.0,0.02881699800491333
1787560186.0651772,0.0,0.0,0.028828129172325134
1787560186.1220539,0.0,0.0,0.028827145695686347
1787560186.1653821,0.0,0.0,0.028790444135665887
1787560186.215347,0.0,0.0,0.028792783617973335
1787560186.2656488,0.0,0.0,0.028820857405662537
1787560186.3149798,0.0,0.0,0.028876706957817078
1787560186.3652048,0.0,0.0,0.029073178768157962
1787560186.4152112,0.0,0.0,0.0290573388338089
1787560186.466537,0.0,0.0,0.029032319784164432
1787560186.5177784,0.0,0.0,0.02894750237464905
1787560186.565317,0.0,0.0,0.028976142406463623
1787560186.6167114,0.0,0.0,0.028922438621521003
1787560186.6661925,0.0,0.0,0.029070928692817688
1787560186.7186737,0.0,0.0,0.029123365879058838
1787560186.7656183,0.0,0.0,0.029120668768882755
1787560186.8154554,0.0,0.0,0.029255822300910946
1787560186.872763,0.0,0.0,0.029335513710975644
1787560186.9156265,0.0,0.0,0.02933847904205322
1787560186.9765785,0.0,0.0,0.02930210530757904
1787560187.0282726,0.0,0.0,0.029182821512222294
1787560187.0661452,0.0,0.0,0.029096573591232307
1787560187.1155179,0.0,0.0,0.02915206551551819
1787560187.1743948,0.0,0.0,0.02929462492465973
1787560187.2243607,0.0,0.0,0.029317140579223633
1787560187.2655404,0.0,0.0,0.029290854930877686
1787560187.3149092,0.0,0.0,0.02920266985893249
1787560187.3695848,0.0,0.0,0.02929411828517914
1787560187.4154427,0.0,0.0,0.029195129871368408
1787560187.4667437,0.0,0.0,0.02928057312965393
1787560187.5245464,0.0,0.0,0.029332324862480164
1787560187.565402,0.0,0.0,0.029444739222526554
1787560187.6163378,0.0,0.0,0.029500007629394535
1787560187.6720655,0.0,0.0,0.02949492633342743
1787560187.717705,0.0,0.0,0.029516667127609253
1787560187.7734704,0.0,0.0,0.029478147625923157
1787560187.8156452,0.0,0.0,0.029413923621177673
1787560187.871754,0.0,0.0,0.02931615710258484
1787560187.9154365,0.0,0.0,0.0293634831905365
1787560187.965676,0.0,0.0,0.029373422265052795
1787560188.0153656,0.0,0.0,0.02937653660774231
1787560188.0658226,0.0,0.0,0.029641479253768928
1787560188.1193986,0.0,0.0,0.029615163803100593
1787560188.1736786,0.0,0.0,0.029559358954429626
1787560188.2151582,0.0,0.0,0.029431149363517768
1787560188.267294,0.0,0.0,0.02936637401580811
1787560188.3175595,0.0,0.0,0.029401719570159912
1787560188.3659554,0.0,0.0,0.029489412903785706
1787560188.4158344,0.0,0.0,0.02951136231422424
1787560188.465546,0.0,0.0,0.029567167162895206
1787560188.5152535,0.0,0.0,0.029543817043304443
1787560188.5654392,0.0,0.0,0.02956414222717286
1787560188.6154642,0.0,0.0,0.02956937253475189
1787560188.665347,0.0,0.0,0.02951988577842713
1787560188.7204804,0.0,0.0,0.029383838176727305
1787560188.7658448,0.0,0.0,0.02940884232521057
1787560188.815061,0.0,0.0,0.02945177257061005
1787560188.866269,0.0,0.0,0.029501691460609436
1787560188.915468,0.0,0.0,0.029501795768737793
1787560188.9668868,0.0,0.0,0.02953009307384491
1787560189.0153353,0.0,0.0,0.029467999935150146
1787560189.0662422,0.0,0.0,0.02945020794868469
1787560189.1154735,0.0,0.0,0.02947859466075897
1787560189.16797,0.0,0.0,0.02955077588558197
1787560189.2165499,0.0,0.0,0.029551446437835693
1787560189.2693074,0.0,0.0,0.029653802514076233
1787560189.32141,0.0,0.0,0.029694393277168267
1787560189.3713052,0.0,0.0,0.0296642929315567
1787560189.422272,0.0,0.0,0.029604926705360413
1787560189.4655306,0.0,0.0,0.029618874192237857
1787560189.5183964,0.0,0.0,0.029614746570587165
1787560189.5653746,0.0,0.0,0.02964791655540466
1787560189.6154752,0.0,0.0,0.02974806725978851
1787560189.6649594,0.0,0.0,0.02981819212436676
1787560189.7151673,0.0,0.0,0.029732078313827515
1787560189.7653418,0.0,0.0,0.029745042324066166
1787560189.8162887,0.0,0.0,0.02971765398979187
1787560189.8687532,0.0,0.0,0.0296572893857956
1787560189.9174116,0.0,0.0,0.02974328398704529
1787560189.9704692,0.0,0.0,0.029767453670501712
1787560190.0193996,0.0,0.0,0.029775008559226993
1787560190.0668142,0.0,0.0,0.02975858747959137
1787560190.1177723,0.0,0.0,0.029769599437713627
1787560190.1657245,0.0,0.0,0.029723227024078373
1787560190.2159321,0.0,0.0,0.02968008816242218
1787560190.266446,0.0,0.0,0.029644668102264408
1787560190.315565,0.0,0.0,0.029693976044654846
1787560190.3679187,0.0,0.0,0.02970561385154724
1787560190.416029,0.0,0.0,0.02969653904438019
1787560190.4654136,0.0,0.0,0.0296567976474762
1787560190.5157838,0.0,0.0,0.029665306210517887
1787560190.5662,0.0,0.0,0.02958551049232483
1787560190.615676,0.0,0.0,0.029573157429695133
1787560190.6672301,0.0,0.0,0.02963641285896301
1787560190.7160497,0.0,0.0,0.029691100120544434
1787560190.7649825,0.0,0.0,0.029704570770263672
1787560190.817347,0.0,0.0,0.02969115972518921
1787560190.8653147,0.0,0.0,0.029682844877243042
1787560190.917436,0.0,0.0,0.02960646152496338
1787560190.968264,0.0,0.0,0.029541298747062683
1787560191.0172722,0.0,0.0,0.029588162899017327
1787560191.0702755,0.0,0.0,0.029655367136001594
1787560191.117124,0.0,0.0,0.029665321111679084
1787560191.1655931,0.0,0.0,0.029710054397583008
1787560191.2187052,0.0,0.0,0.02969484031200409
1787560191.2652245,0.0,0.0,0.02966107428073883
1787560191.3164413,0.0,0.0,0.029634937644004822
1787560191.366152,0.0,0.0,0.029676482081413266
1787560191.4153898,0.0,0.0,0.02968640625476838
1787560191.4655542,0.0,0.0,0.029903084039688114
1787560191.5199625,0.0,0.0,0.029938474297523495
1787560191.5694454,0.0,0.0,0.029918029904365536
1787560191.6154635,0.0,0.0,0.029907062649726868
1787560191.6664062,0.0,0.0,0.029822155833244327
1787560191.7153668,0.0,0.0,0.029845863580703735
1787560191.766326,0.0,0.0,0.029899895191192627
1787560191.8150868,0.0,0.0,0.02991282939910889
1787560191.8661568,0.0,0.0,0.02989460527896882
1787560191.915909,0.0,0.0,0.029862478375434875
1787560191.966025,0.0,0.0,0.029750168323516853
1787560192.0156093,0.0,0.0,0.029775977134704593
1787560192.0687134,0.0,0.0,0.029841184616088867
1787560192.117717,0.0,0.0,0.029858186841011044
1787560192.1655762,0.0,0.0,0.029876932501792908
1787560192.218509,0.0,0.0,0.029850274324417118
1787560192.2653992,0.0,0.0,0.02969568967819214
1787560192.3153725,0.0,0.0,0.02970968186855316
1787560192.367358,0.0,0.0,0.0296376645565033
1787560192.4163456,0.0,0.0,0.029800474643707275
1787560192.4663258,0.0,0.0,0.0298277735710144
1787560192.5182488,0.0,0.0,0.029798299074172977
1787560192.56577,0.0,0.0,0.029738932847976685
1787560192.6171815,0.0,0.0,0.029759511351585388
1787560192.665711,0.0,0.0,0.02961587905883789
1787560192.7215323,0.0,0.0,0.029674679040908817
1787560192.7693179,0.0,0.0,0.02976231276988983
1787560192.827393,0.0,0.0,0.0298677682876587
1787560192.8672957,0.0,0.0,0.0298769623041153
1787560192.9185667,0.0,0.0,0.029842317104339596
1787560192.9661958,0.0,0.0,0.02970530092716217
1787560193.0155485,0.0,0.0,0.029749393463134766
1787560193.0650337,0.0,0.0,0.0297916978597641
1787560193.115689,0.0,0.0,0.029771432280540466
1787560193.1653411,0.0,0.0,0.029784902930259698
1787560193.2151797,0.0,0.0,0.02976490557193756
1787560193.2692025,0.0,0.0,0.029577150940895084
1787560193.318189,0.0,0.0,0.029634535312652588
1787560193.3665943,0.0,0.0,0.029680833220481873
1787560193.4179633,0.0,0.0,0.029699265956878662
1787560193.473401,0.0,0.0,0.02972264587879181
1787560193.5227377,0.0,0.0,0.029656887054443363
1787560193.5673769,0.0,0.0,0.029606088995933536
1787560193.6192374,0.0,0.0,0.029606446623802185
1787560193.669333,0.0,0.0,0.029649004340171814
1787560193.7201052,0.0,0.0,0.0296766459941864
1787560193.7658114,0.0,0.0,0.029723823070526123
1787560193.8155727,0.0,0.0,0.02972374856472016
1787560193.867822,0.0,0.0,0.029713228344917297
1787560193.92025,0.0,0.0,0.029681012034416206
1787560193.9687371,0.0,0.0,0.02964070439338684
1787560194.0193343,0.0,0.0,0.02961021661758423
1787560194.075247,0.0,0.0,0.029463633894920353
1787560194.1250072,0.0,0.0,0.029437035322189328
1787560194.1674597,0.0,0.0,0.02942030131816864
1787560194.2184162,0.0,0.0,0.029502689838409424
1787560194.26744,0.0,0.0,0.029582425951957703
1787560194.3164766,0.0,0.0,0.029606759548187256
1787560194.3757555,0.0,0.0,0.02964755892753601
1787560194.4312038,0.0,0.0,0.02968388795852661
1787560194.4667542,0.0,0.0,0.029646053910255432
1787560194.5162756,0.0,0.0,0.029596820473670956
1787560194.5652888,0.0,0.0,0.029528722167015076
1787560194.6159678,0.0,0.0,0.02952119708061219
1787560194.6655562,0.0,0.0,0.029501363635063168
1787560194.7254226,0.0,0.0,0.029593512415885932
1787560194.7663074,0.0,0.0,0.029668122529983524
1787560194.8249347,0.0,0.0,0.02982743084430695
1787560194.8654914,0.0,0.0,0.02977825701236725
1787560194.9269745,0.0,0.0,0.02978847920894623
1787560194.9655058,0.0,0.0,0.029719874262809753
1787560195.0175397,0.0,0.0,0.029628723859786987
1787560195.0672405,0.0,0.0,0.029527232050895694
1787560195.1166108,0.0,0.0,0.029596701264381412
1787560195.1661732,0.0,0.0,0.02965034544467926
1787560195.2158232,0.0,0.0,0.02969253063201905
1787560195.267735,0.0,0.0,0.02970470488071442
1787560195.3169308,0.0,0.0,0.029697820544242866
1787560195.3656254,0.0,0.0,0.0294988751411438
1787560195.4161477,0.0,0.0,0.02944192290306092
1787560195.46531,0.0,0.0,0.029494255781173706
1787560195.5155745,0.0,0.0,0.029494524002075195
1787560195.5655036,0.0,0.0,0.029507219791412354
1787560195.6174405,0.0,0.0,0.02945980429649353
1787560195.6658227,0.0,0.0,0.029441043734550486
1787560195.7154968,0.0,0.0,0.02939511835575104
1787560195.765465,0.0,0.0,0.029425889253616336
1787560195.8161755,0.0,0.0,0.02951984107494354
1787560195.865305,0.0,0.0,0.02953597903251648
1787560195.9154599,0.0,0.0,0.029520675539970405
1787560195.9651062,0.0,0.0,0.029482930898666382
1787560196.0153344,0.0,0.0,0.029474839568138123
1787560196.0663702,0.0,0.0,0.029510885477066044
1787560196.1155934,0.0,0.0,0.02954480051994323
1787560196.1654942,0.0,0.0,0.02954202890396118
1787560196.215442,0.0,0.0,0.02953094244003296
1787560196.2665021,0.0,0.0,0.029467642307281494
1787560196.3255332,0.0,0.0,0.02948552370071411
1787560196.366909,0.0,0.0,0.029483050107955936
1787560196.4252942,0.0,0.0,0.02957198023796081
1787560196.4699955,0.0,0.0,0.02958095073699952
1787560196.5158715,0.0,0.0,0.029597699642181403
1787560196.565207,0.0,0.0,0.029515966773033142
1787560196.6181536,0.0,0.0,0.029516205191612244
1787560196.6659298,0.0,0.0,0.029498666524887085
1787560196.7193797,0.0,0.0,0.029523923993110664
1787560196.7665968,0.0,0.0,0.029527932405471802
1787560196.8182008,0.0,0.0,0.029591158032417297
1787560196.867625,0.0,0.0,0.029730305075645447
1787560196.9167836,0.0,0.0,0.029701292514801032
1787560196.9680638,0.0,0.0,0.029679760336875912
1787560197.0158093,0.0,0.0,0.029650166630744938
1787560197.0734193,0.0,0.0,0.029673546552658088
1787560197.1164474,0.0,0.0,0.029759913682937622
1787560197.1729126,0.0,0.0,0.029820293188095096
1787560197.2152593,0.0,0.0,0.02979712188243866
1787560197.269299,0.0,0.0,0.029758766293525696
1787560197.321378,0.0,0.0,0.02965544164180756
1787560197.3652966,0.0,0.0,0.02971269190311432
1787560197.4160397,0.0,0.0,0.029801487922668457
1787560197.465774,0.0,0.0,0.02982774376869202
1787560197.5166335,0.0,0.0,0.029805913567543037
1787560197.5655508,0.0,0.0,0.029805988073348996
1787560197.6151986,0.0,0.0,0.029668286442756656
1787560197.665406,0.0,0.0,0.029611751437187195
1787560197.7154014,0.0,0.0,0.029654681682586666
1787560197.7657971,0.0,0.0,0.02973377704620361
1787560197.8163307,0.0,0.0,0.02978414297103882
1787560197.8647943,0.0,0.0,0.02979962527751923
1787560197.920459,0.0,0.0,0.029752328991889957
1787560197.9721448,0.0,0.0,0.02974700927734375
1787560198.0163825,0.0,0.0,0.029765784740447995
1787560198.0702832,0.0,0.0,0.029847562313079834
1787560198.1164086,0.0,0.0,0.029878854751586907
1787560198.1732721,0.0,0.0,0.02996960282325745
1787560198.215271,0.0,0.0,0.030021801590919495
1787560198.2653012,0.0,0.0,0.0300109088420868
1787560198.3163407,0.0,0.0,0.030023872852325446
1787560198.3743024,0.0,0.0,0.029955327510833733
1787560198.4156542,0.0,0.0,0.029926881194114692
1787560198.4764974,0.0,0.0,0.02993349730968475
1787560198.5165386,0.0,0.0,0.029951617121696472
1787560198.5660877,0.0,0.0,0.029963627457618717
1787560198.6162477,0.0,0.0,0.029985293745994568
1787560198.6664915,0.0,0.0,0.029946744441986084
1787560198.7187436,0.0,0.0,0.029923364520072944
1787560198.7655609,0.0,0.0,0.029933750629425042
1787560198.8154135,0.0,0.0,0.02998794615268708
1787560198.869211,0.0,0.0,0.030003309249877933
1787560198.916699,0.0,0.0,0.030039682984352115
1787560198.9686594,0.0,0.0,0.03014065325260162
1787560199.0153854,0.0,0.0,0.030128657817840576
1787560199.0653398,0.0,0.0,0.030122473835945133
1787560199.1200354,0.0,0.0,0.030125662684440623
1787560199.1652439,0.0,0.0,0.03015056252479553
1787560199.2194538,0.0,0.0,0.03018946945667267
1787560199.2681937,0.0,0.0,0.030239298939704902
1787560199.3154194,0.0,0.0,0.03022940456867219
1787560199.3672867,0.0,0.0,0.03017587959766388
1787560199.4153655,0.0,0.0,0.030053585767745975
1787560199.470685,0.0,0.0,0.030058175325393677
1787560199.5151594,0.0,0.0,0.03011465072631836
1787560199.5701714,0.0,0.0,0.030198752880096436
1787560199.6178706,0.0,0.0,0.030221581459045414
1787560199.6732445,0.0,0.0,0.03019934892654419
1787560199.7193792,0.0,0.0,0.030100286006927487
1787560199.7687774,0.0,0.0,0.030124545097351074
1787560199.820153,0.0,0.0,0.030076980590820316
1787560199.8692582,0.0,0.0,0.030160754919052124
1787560199.9154236,0.0,0.0,0.030225604772567752
1787560199.9661078,0.0,0.0,0.030304342508316044
1787560200.0153234,0.0,0.0,0.030295863747596748
1787560200.0679622,0.0,0.0,0.03024961054325104
1787560200.1157677,0.0,0.0,0.030186250805854804
1787560200.1664026,0.0,0.0,0.03012670576572418
1787560200.2197518,0.0,0.0,0.03016939759254456
1787560200.2669516,0.0,0.0,0.030168101191520698
1787560200.3169503,0.0,0.0,0.030140861868858334
1787560200.3768678,0.0,0.0,0.030100032687187195
1787560200.4155514,0.0,0.0,0.030075132846832275
1787560200.4651477,0.0,0.0,0.02999494969844818
1787560200.5155206,0.0,0.0,0.029910802841186523
1787560200.5740757,0.0,0.0,0.029958501458168037
1787560200.615143,0.0,0.0,0.02999034523963929
1787560200.6737866,0.0,0.0,0.030128836631774906
1787560200.715544,0.0,0.0,0.030120909214019775
1787560200.7715538,0.0,0.0,0.030073478817939755
1787560200.8169582,0.0,0.0,0.030056610703468323
1787560200.8685718,0.0,0.0,0.03010794520378112
1787560200.9153798,0.0,0.0,0.030147761106491096
1787560200.9650438,0.0,0.0,0.0301908701658249
1787560201.015936,0.0,0.0,0.03020794689655304
1787560201.0656931,0.0,0.0,0.03014878928661347
1787560201.1179652,0.0,0.0,0.030132144689559937
1787560201.1654212,0.0,0.0,0.030071690678596504
1787560201.2178595,0.0,0.0,0.030132889747619636
1787560201.2648935,0.0,0.0,0.030134707689285285
1787560201.319076,0.0,0.0,0.030140981078147895
1787560201.3657262,0.0,0.0,0.030175969004631046
1787560201.4150887,0.0,0.0,0.030131816864013672
1787560201.4653401,0.0,0.0,0.030157133936882023
1787560201.5176342,0.0,0.0,0.03003591299057007
1787560201.5685163,0.0,0.0,0.029995188117027283
1787560201.6164012,0.0,0.0,0.03001759946346283
1787560201.665914,0.0,0.0,0.030117183923721313
1787560201.7168229,0.0,0.0,0.03024546802043915
1787560201.7717202,0.0,0.0,0.03024090826511383
1787560201.8155563,0.0,0.0,0.030206531286239627
1787560201.8695624,0.0,0.0,0.030185177922248844
1787560201.915977,0.0,0.0,0.030205994844436652
1787560201.9685395,0.0,0.0,0.030246481299400337
1787560202.0150225,0.0,0.0,0.030273050069808967
1787560202.0696084,0.0,0.0,0.030397787690162666
1787560202.1197796,0.0,0.0,0.030399873852729797
1787560202.1656277,0.0,0.0,0.03037939965724945
1787560202.2153997,0.0,0.0,0.03035609424114228
1787560202.265444,0.0,0.0,0.030476227402687073
1787560202.3164957,0.0,0.0,0.030535891652107246
1787560202.3672163,0.0,0.0,0.030662834644317627
1787560202.4169657,0.0,0.0,0.030643612146377563
1787560202.4741876,0.0,0.0,0.03058025240898132
1787560202.5234447,0.0,0.0,0.03056119382381439
1787560202.5656445,0.0,0.0,0.030610561370849606
1787560202.6178374,0.0,0.0,0.03064906597137451
1787560202.6723695,0.0,0.0,0.030662596225738525
1787560202.7182975,0.0,0.0,0.030652508139610297
1787560202.7663765,0.0,0.0,0.030640676617622375
1787560202.818152,0.0,0.0,0.03059226274490357
1787560202.8730617,0.0,0.0,0.030558899044990543
1787560202.917388,0.0,0.0,0.030611664056777958
1787560202.969338,0.0,0.0,0.030651181936264038
1787560203.021869,0.0,0.0,0.030649438500404354
1787560203.0796392,0.0,0.0,0.03063797950744629
1787560203.118327,0.0,0.0,0.03056292235851288
1787560203.1674232,0.0,0.0,0.03042945265769959
1787560203.2156951,0.0,0.0,0.030460506677627563
1787560203.2672203,0.0,0.0,0.030518651008605957
1787560203.3162756,0.0,0.0,0.03051254153251648
1787560203.3778791,0.0,0.0,0.03059066832065583
1787560203.4155028,0.0,0.0,0.030695348978042603
1787560203.4658744,0.0,0.0,0.030624955892562873
1787560203.516288,0.0,0.0,0.030570760369300846
1787560203.5650394,0.0,0.0,0.03035585582256318
1787560203.6153827,0.0,0.0,0.030324220657348636
1787560203.6723974,0.0,0.0,0.03037670254707336
1787560203.7148557,0.0,0.0,0.030448332428932193
1787560203.7676678,0.0,0.0,0.030575722455978387
1787560203.8188746,0.0,0.0,0.03053858876228333
1787560203.869522,0.0,0.0,0.03034962713718415
1787560203.9170358,0.0,0.0,0.030211880803108215
1787560203.9657817,0.0,0.0,0.0302271842956543
1787560204.0152774,0.0,0.0,0.03030665218830109
1787560204.0649886,0.0,0.0,0.030483394861221317
1787560204.115723,0.0,0.0,0.030523061752319336
1787560204.167881,0.0,0.0,0.030472055077552795
1787560204.2179797,0.0,0.0,0.03046099841594696
1787560204.2748868,0.0,0.0,0.030496418476104736
1787560204.3157802,0.0,0.0,0.030557811260223392
1787560204.366406,0.0,0.0,0.03054982423782349
1787560204.4153087,0.0,0.0,0.03053666651248933
1787560204.4654777,0.0,0.0,0.030517920851707462
1787560204.5153413,0.0,0.0,0.030559644103050232
1787560204.5693579,0.0,0.0,0.030535355210304264
1787560204.6213875,0.0,0.0,0.03044074773788452
1787560204.6663094,0.0,0.0,0.030435919761657715
1787560204.715808,0.0,0.0,0.030521348118782047
1787560204.7657835,0.0,0.0,0.030573338270187378
1787560204.835294,0.0,0.0,0.03065672516822816
1787560204.8680835,0.0,0.0,0.03067551553249359
1787560204.9190762,0.0,0.0,0.030666738748550415
1787560204.965387,0.0,0.0,0.030715912580490112
1787560205.0236297,0.0,0.0,0.030744761228561398
1787560205.0715723,0.0,0.0,0.030734509229660038
1787560205.1155353,0.0,0.0,0.030730724334716793
1787560205.165669,0.0,0.0,0.03076359629631043
1787560205.21559,0.0,0.0,0.03081482648849488
1787560205.2652526,0.0,0.0,0.030759394168853756
1787560205.3176718,0.0,0.0,0.030751019716262817
1787560205.365719,0.0,0.0,0.03075923025608063
1787560205.418808,0.0,0.0,0.030773758888244632
1787560205.4702046,0.0,0.0,0.030826106667518616
1787560205.51863,0.0,0.0,0.030940115451812744
1787560205.5662217,0.0,0.0,0.03088928759098053
1787560205.6156359,0.0,0.0,0.030801802873611447
1787560205.6655202,0.0,0.0,0.030740141868591312
1787560205.7211087,0.0,0.0,0.030768871307373047
1787560205.7658226,0.0,0.0,0.03074374794960022
1787560205.8153439,0.0,0.0,0.03086312115192414
1787560205.8654664,0.0,0.0,0.03089977800846101
1787560205.9209423,0.0,0.0,0.03092223405838012
1787560205.965489,0.0,0.0,0.03078301250934601
1787560206.0153303,0.0,0.0,0.030815586447715763
1787560206.0722322,0.0,0.0,0.03073127567768097
1787560206.1154773,0.0,0.0,0.03081953525543213
1787560206.1668599,0.0,0.0,0.030852898955345154
1787560206.2163265,0.0,0.0,0.03082254528999329
1787560206.2669747,0.0,0.0,0.030694052577018738
1787560206.3246365,0.0,0.0,0.030724838376045234
1787560206.367508,0.0,0.0,0.030697554349899295
1787560206.4235218,0.0,0.0,0.03078165650367738
1787560206.4912045,0.0,0.0,0.030820935964584347
1787560206.5162668,0.0,0.0,0.030799269676208507
1787560206.5668058,0.0,0.0,0.030768290162086487
1787560206.626349,0.0,0.0,0.03073517978191376
1787560206.6758351,0.0,0.0,0.03064784407615662
1787560206.7205935,0.0,0.0,0.030772238969802863
1787560206.782967,0.0,0.0,0.030845791101455695
1787560206.838572,0.0,0.0,0.030832469463348392
1787560206.892075,0.0,0.0,0.030854403972625732
1787560206.9151902,0.0,0.0,0.030754297971725467
1787560206.973041,0.0,0.0,0.030723154544830326
1787560207.0346417,0.0,0.0,0.03069300949573517
1787560207.0705712,0.0,0.0,0.03079146146774292
1787560207.1318557,0.0,0.0,0.030757397413253788
1787560207.1888988,0.0,0.0,0.030764892697334286
1787560207.2253976,0.0,0.0,0.030750483274459846
1787560207.296479,0.0,0.0,0.03069823980331421
1787560207.3399785,0.0,0.0,0.03070676326751708
1787560207.3832395,0.0,0.0,0.03071293234825135
1787560207.4184692,0.0,0.0,0.030752122402191166
1787560207.490629,0.0,0.0,0.03081916272640229
1787560207.517949,0.0,0.0,0.03099632263183594
1787560207.5917218,0.0,0.0,0.03099337220191956
1787560207.6198251,0.0,0.0,0.03097163140773774
1787560207.6677418,0.0,0.0,0.030852511525154117
1787560207.737483,0.0,0.0,0.03077523410320282
1787560207.7866619,0.0,0.0,0.030814781785011288
1787560207.8324366,0.0,0.0,0.030871540307998654
1787560207.8859353,0.0,0.0,0.030884951353073124
1787560207.949565,0.0,0.0,0.03087212145328522
1787560207.9685478,0.0,0.0,0.030779659748077396
1787560208.0220618,0.0,0.0,0.03080733120441437
1787560208.0959444,0.0,0.0,0.030825093388557438
1787560208.1388578,0.0,0.0,0.03089208900928498
1787560208.196009,0.0,0.0,0.030913874506950385
1787560208.2180717,0.0,0.0,0.030893653631210327
1787560208.2852778,0.0,0.0,0.030798122286796577
1787560208.3433323,0.0,0.0,0.030809193849563602
1787560208.3903046,0.0,0.0,0.030803948640823364
1787560208.431537,0.0,0.0,0.030864432454109195
1787560208.4826646,0.0,0.0,0.03089037537574768
1787560208.5162032,0.0,0.0,0.030875518918037415
1787560208.5824425,0.0,0.0,0.03080925345420837
1787560208.6301882,0.0,0.0,0.030744403600692746
1787560208.6664658,0.0,0.0,0.030748054385185238
1787560208.7285876,0.0,0.0,0.030822262167930606
1787560208.7831922,0.0,0.0,0.03085695207118988
1787560208.8386126,0.0,0.0,0.030896201729774468
1787560208.8737717,0.0,0.0,0.030785322189331055
1787560208.9317477,0.0,0.0,0.030786022543907166
1787560208.9898791,0.0,0.0,0.03078210353851318
1787560209.033871,0.0,0.0,0.030785575509071354
1787560209.0684,0.0,0.0,0.030818626284599308
1787560209.1407158,0.0,0.0,0.030878305435180664
1787560209.1672406,0.0,0.0,0.03086920082569122
1787560209.2221482,0.0,0.0,0.03083491325378418
1787560209.2771564,0.0,0.0,0.030824780464172367
1787560209.3163238,0.0,0.0,0.03068511188030243
1787560209.3666582,0.0,0.0,0.03067296743392944
1787560209.4167254,0.0,0.0,0.030691921710968018
1787560209.465902,0.0,0.0,0.030784904956817627
1787560209.516194,0.0,0.0,0.030909687280654914
1787560209.5664766,0.0,0.0,0.030931755900383003
1787560209.6221232,0.0,0.0,0.03085687756538391
1787560209.6666327,0.0,0.0,0.030646324157714844
1787560209.71575,0.0,0.0,0.030599385499954227
1787560209.7660623,0.0,0.0,0.030705079436302192
1787560209.8172793,0.0,0.0,0.030858397483825684
1787560209.8681848,0.0,0.0,0.03093703091144562
1787560209.915436,0.0,0.0,0.030951589345932007
1787560209.9665987,0.0,0.0,0.03089442849159241
1787560210.0179121,0.0,0.0,0.030835196375846863
1787560210.0653827,0.0,0.0,0.030938193202018748
1787560210.1175358,0.0,0.0,0.03101438283920288
1787560210.165871,0.0,0.0,0.031010314822196967
1787560210.2187998,0.0,0.0,0.030992001295089715
1787560210.2723088,0.0,0.0,0.03091306984424591
1787560210.3175879,0.0,0.0,0.03069746494293213
1787560210.3680928,0.0,0.0,0.030781775712966922
1787560210.4153848,0.0,0.0,0.0308319479227066
1787560210.4663904,0.0,0.0,0.030821293592453003
1787560210.51571,0.0,0.0,0.030800357460975644
1787560210.5756679,0.0,0.0,0.030729636549949646
1787560210.6298285,0.0,0.0,0.030539721250534058
1787560210.674104,0.0,0.0,0.030634358525276188
1787560210.7155187,0.0,0.0,0.030796214938163757
1787560210.7765067,0.0,0.0,0.03084146976470947
1787560210.8158178,0.0,0.0,0.030844584107398983
1787560210.8666391,0.0,0.0,0.030795767903327942
1787560210.9156063,0.0,0.0,0.030671656131744395
1787560210.9658716,0.0,0.0,0.030727237462997437
1787560211.0312092,0.0,0.0,0.030825346708297733
1787560211.0703547,0.0,0.0,0.030912876129150398
1787560211.1244414,0.0,0.0,0.030917301774024963
1787560211.1693873,0.0,0.0,0.030899330973625183
1787560211.2154694,0.0,0.0,0.03086225688457489
1787560211.2655392,0.0,0.0,0.03089140355587006
1787560211.321937,0.0,0.0,0.030920237302780155
1787560211.3654792,0.0,0.0,0.030975773930549625
1787560211.4278371,0.0,0.0,0.030970558524131775
1787560211.465372,0.0,0.0,0.03089526295661926
1787560211.517333,0.0,0.0,0.030834555625915524
1787560211.5665843,0.0,0.0,0.030838996171951294
1787560211.6198587,0.0,0.0,0.03085362911224366
1787560211.6746323,0.0,0.0,0.030927687883377075
1787560211.722809,0.0,0.0,0.031129822134971626
1787560211.7769277,0.0,0.0,0.031086370348930366
1787560211.8165438,0.0,0.0,0.031030505895614627
1787560211.8680375,0.0,0.0,0.031052291393280033
1787560211.9200788,0.0,0.0,0.031076788902282725
1787560211.9734795,0.0,0.0,0.031157091259956353
1787560212.0488107,0.0,0.0,0.031231746077537537
1787560212.0817788,0.0,0.0,0.031200826168060306
1787560212.1615388,0.0,0.0,0.031156495213508602
1787560212.1696925,0.0,0.0,0.03112147748470307
1787560212.2320924,0.0,0.0,0.031087592244148258
1787560212.2829547,0.0,0.0,0.031140983104705817
1787560212.3417227,0.0,0.0,0.03126393258571625
1787560212.3674562,0.0,0.0,0.03127241134643555
1787560212.4164996,0.0,0.0,0.031244412064552307
1787560212.4652846,0.0,0.0,0.03122444450855255
1787560212.5161808,0.0,0.0,0.031087592244148258
1787560212.5650296,0.0,0.0,0.031124785542488105
1787560212.6162062,0.0,0.0,0.031153753399848938
1787560212.6714816,0.0,0.0,0.031215190887451165
1787560212.7207797,0.0,0.0,0.03122654557228088
1787560212.7666152,0.0,0.0,0.03124426305294037
1787560212.8162622,0.0,0.0,0.03118583559989929
1787560212.8653514,0.0,0.0,0.03122270107269287
1787560212.9160714,0.0,0.0,0.03126789629459381
1787560212.965541,0.0,0.0,0.03132480382919311
1787560213.0168169,0.0,0.0,0.03137178719043732
1787560213.065856,0.0,0.0,0.03142967820167541
1787560213.1155348,0.0,0.0,0.0314939171075821
1787560213.1651423,0.0,0.0,0.03148037195205688
1787560213.2159941,0.0,0.0,0.03132064640522004
1787560213.2656362,0.0,0.0,0.03134058415889741
1787560213.3212376,0.0,0.0,0.03134918212890625
1787560213.373325,0.0,0.0,0.03134289383888244
1787560213.43246,0.0,0.0,0.031431049108505256
1787560213.4656541,0.0,0.0,0.03144650161266326
1787560213.5155892,0.0,0.0,0.03137686848640442
1787560213.5654635,0.0,0.0,0.03140461444854736
1787560213.6155093,0.0,0.0,0.031413733959198005
1787560213.6679797,0.0,0.0,0.031412407755851746
1787560213.7153292,0.0,0.0,0.031429529190063484
1787560213.767402,0.0,0.0,0.031402453780174255
1787560213.8189654,0.0,0.0,0.031327396631240845
1787560213.8697634,0.0,0.0,0.031349033117294305
1787560213.91716,0.0,0.0,0.031280443072319024
1787560213.9723206,0.0,0.0,0.03133997321128845
1787560214.01551,0.0,0.0,0.03138233721256256
1787560214.0709844,0.0,0.0,0.03158348798751831
1787560214.1230845,0.0,0.0,0.031536683440208435
1787560214.1722913,0.0,0.0,0.03151834011077881
1787560214.2184708,0.0,0.0,0.031549349427223206
1787560214.266482,0.0,0.0,0.03159119188785553
1787560214.3154597,0.0,0.0,0.0316510945558548
1787560214.3680694,0.0,0.0,0.03169241547584533
1787560214.4171042,0.0,0.0,0.0316571444272995
1787560214.4680827,0.0,0.0,0.03162001073360443
1787560214.5156348,0.0,0.0,0.031590551137924194
1787560214.5667768,0.0,0.0,0.03160189092159271
1787560214.6153035,0.0,0.0,0.03164941072463989
1787560214.665302,0.0,0.0,0.031668975949287415
1787560214.7158864,0.0,0.0,0.031702667474746704
1787560214.7668312,0.0,0.0,0.031689763069152825
1787560214.8154154,0.0,0.0,0.03166742622852326
1787560214.8657043,0.0,0.0,0.0316602885723114
1787560214.9169552,0.0,0.0,0.03162927925586701
1787560214.981827,0.0,0.0,0.03153662383556367
1787560215.0158303,0.0,0.0,0.03158085048198699
1787560215.077403,0.0,0.0,0.03158147633075714
1787560215.1165884,0.0,0.0,0.031600773334503174
1787560215.1660342,0.0,0.0,0.031621083617210395
1787560215.2159538,0.0,0.0,0.03159944713115693
1787560215.2656364,0.0,0.0,0.03149135410785675
1787560215.3156438,0.0,0.0,0.031404048204422
1787560215.3709345,0.0,0.0,0.03142669796943665
1787560215.4151473,0.0,0.0,0.03147254884243011
1787560215.4672658,0.0,0.0,0.03148309886455535
1787560215.5174093,0.0,0.0,0.03148658573627472
1787560215.5803967,0.0,0.0,0.03151169419288635
1787560215.6163738,0.0,0.0,0.03145866096019745
1787560215.6665049,0.0,0.0,0.03147980570793151
1787560215.7167583,0.0,0.0,0.03145246207714081
1787560215.7654803,0.0,0.0,0.03151637315750122
1787560215.8168094,0.0,0.0,0.03164076805114747
1787560215.8664532,0.0,0.0,0.031651020050048835
1787560215.9154744,0.0,0.0,0.031635716557502754
1787560215.9662502,0.0,0.0,0.03162454068660736
1787560216.0212004,0.0,0.0,0.03162609040737152
1787560216.0774622,0.0,0.0,0.031591907143592834
1787560216.118595,0.0,0.0,0.03149798512458801
1787560216.1743736,0.0,0.0,0.03157481551170349
1787560216.215634,0.0,0.0,0.03159916400909424
1787560216.2658992,0.0,0.0,0.03172469139099121
1787560216.3165867,0.0,0.0,0.031730771064758294
1787560216.367013,0.0,0.0,0.031693816184997566
1787560216.4153728,0.0,0.0,0.03166826069355011
1787560216.4662793,0.0,0.0,0.03170570731163025
1787560216.5159996,0.0,0.0,0.03173668682575226
1787560216.5655048,0.0,0.0,0.03178803622722626
1787560216.6182404,0.0,0.0,0.03179590404033661
1787560216.669651,0.0,0.0,0.03178468346595765
1787560216.7162051,0.0,0.0,0.03178134560585022
1787560216.766871,0.0,0.0,0.031798854470253
1787560216.814991,0.0,0.0,0.031833469867706306
1787560216.8683605,0.0,0.0,0.03182037174701691
1787560216.9192765,0.0,0.0,0.03183645009994507
1787560216.9665499,0.0,0.0,0.03178940713405609
1787560217.0157228,0.0,0.0,0.03174170851707459
1787560217.0694492,0.0,0.0,0.031758785247802734
1787560217.115514,0.0,0.0,0.03181108832359315
1787560217.1674314,0.0,0.0,0.03181156516075134
1787560217.2159083,0.0,0.0,0.031822279095649726
1787560217.2655437,0.0,0.0,0.03178228437900543
1787560217.3275611,0.0,0.0,0.03173071146011353
1787560217.365488,0.0,0.0,0.03170241415500641
1787560217.4156342,0.0,0.0,0.031768232583999634
1787560217.4657004,0.0,0.0,0.031832292675971985
1787560217.5157547,0.0,0.0,0.031827419996261604
1787560217.5656004,0.0,0.0,0.03186978399753571
1787560217.6158812,0.0,0.0,0.03181348741054535
1787560217.6655204,0.0,0.0,0.031745076179504395
1787560217.7150574,0.0,0.0,0.0317298024892807
1787560217.7665133,0.0,0.0,0.031804069876670844
1787560217.8159685,0.0,0.0,0.0318107008934021
1787560217.86723,0.0,0.0,0.03189465403556824
1787560217.915039,0.0,0.0,0.031925931572914124
1787560217.968891,0.0,0.0,0.03194554150104523
1787560218.025837,0.0,0.0,0.03191833198070526
1787560218.0754209,0.0,0.0,0.03197990357875823
1787560218.1190336,0.0,0.0,0.0319802612066269
1787560218.1664808,0.0,0.0,0.03206470608711243
1787560218.2156334,0.0,0.0,0.03213652968406678
1787560218.2657843,0.0,0.0,0.032082751393318176
1787560218.315775,0.0,0.0,0.032053157687187195
1787560218.3665807,0.0,0.0,0.032042160630226135
1787560218.4162104,0.0,0.0,0.03204461932182312
1787560218.4661674,0.0,0.0,0.032094985246658325
1787560218.5153985,0.0,0.0,0.032165840268135064
1787560218.5666678,0.0,0.0,0.03221003711223602
1787560218.6157935,0.0,0.0,0.0321902483701706
1787560218.6657157,0.0,0.0,0.032088622450828545
1787560218.7156844,0.0,0.0,0.032028213143348694
1787560218.7654665,0.0,0.0,0.03197456896305085
1787560218.821102,0.0,0.0,0.032070383429527276
1787560218.8671017,0.0,0.0,0.03217065334320069
1787560218.916578,0.0,0.0,0.032164618372917175
1787560218.9664314,0.0,0.0,0.032139942049980164
1787560219.016277,0.0,0.0,0.03210227191448212
1787560219.0763385,0.0,0.0,0.03200268745422363
1787560219.1165552,0.0,0.0,0.032114535570144646
1787560219.1656692,0.0,0.0,0.03214734792709351
1787560219.2155352,0.0,0.0,0.032146602869033813
1787560219.2662265,0.0,0.0,0.03204546868801117
1787560219.3155718,0.0,0.0,0.03207297623157502
1787560219.3670125,0.0,0.0,0.03203473985195159
1787560219.4319134,0.0,0.0,0.03207866847515106
1787560219.4667537,0.0,0.0,0.032115429639816284
1787560219.5157025,0.0,0.0,0.0321832001209259
1787560219.567396,0.0,0.0,0.032085761427879333
1787560219.6300912,0.0,0.0,0.03210310637950897
1787560219.6655946,0.0,0.0,0.03206755220890045
1787560219.7182372,0.0,0.0,0.03210763633251191
1787560219.7801156,0.0,0.0,0.03213247656822205
1787560219.8156333,0.0,0.0,0.03223423659801484
1787560219.866401,0.0,0.0,0.03223288059234619
1787560219.916513,0.0,0.0,0.032259389758110046
1787560219.976197,0.0,0.0,0.03217098116874694
1787560220.0158052,0.0,0.0,0.0321442186832428
1787560220.0661125,0.0,0.0,0.03218723833560943
1787560220.1242495,0.0,0.0,0.03220318257808686
1787560220.168837,0.0,0.0,0.03230594098567963
1787560220.2157056,0.0,0.0,0.03233128786087037
1787560220.265808,0.0,0.0,0.03231343626976013
1787560220.3160071,0.0,0.0,0.03225402534008027
1787560220.3651474,0.0,0.0,0.032213211059570306
1787560220.4175363,0.0,0.0,0.03216882050037384
1787560220.4655542,0.0,0.0,0.03214824199676514
1787560220.51641,0.0,0.0,0.032168358564376824
1787560220.5652826,0.0,0.0,0.03233419358730316
1787560220.6223476,0.0,0.0,0.03241263329982758
1787560220.6684039,0.0,0.0,0.03236958384513855
1787560220.7246006,0.0,0.0,0.03233537077903747
1787560220.7714875,0.0,0.0,0.03223694860935211
1787560220.8196936,0.0,0.0,0.032280698418617255
1787560220.8730636,0.0,0.0,0.0323595106601715
1787560220.9152172,0.0,0.0,0.032377481460571296
1787560220.9680955,0.0,0.0,0.03238999843597412
1787560221.015518,0.0,0.0,0.032365158200263984
1787560221.0666516,0.0,0.0,0.03225794434547425
1787560221.1155698,0.0,0.0,0.032266467809677124
1787560221.1887896,0.0,0.0,0.03233425319194794
1787560221.2153034,0.0,0.0,0.03235797584056854
1787560221.2667198,0.0,0.0,0.03235366940498353
1787560221.3155358,0.0,0.0,0.03236137330532074
1787560221.3655872,0.0,0.0,0.03231273591518402
1787560221.4170678,0.0,0.0,0.032361939549446106
1787560221.4692338,0.0,0.0,0.03229953348636628
1787560221.5265152,0.0,0.0,0.03236711025238038
1787560221.5656793,0.0,0.0,0.03239092230796815
1787560221.627821,0.0,0.0,0.0323772132396698
1787560221.665656,0.0,0.0,0.03232869505882263
1787560221.715713,0.0,0.0,0.032294094562530504
1787560221.7658617,0.0,0.0,0.032310366630554206
1787560221.8151276,0.0,0.0,0.03239975869655609
1787560221.8685863,0.0,0.0,0.032429829239845276
1787560221.9212687,0.0,0.0,0.03240938484668732
1787560221.9699132,0.0,0.0,0.032351404428482056
1787560222.0160222,0.0,0.0,0.03231149911880493
1787560222.0655372,0.0,0.0,0.032242670655250556
1787560222.1165802,0.0,0.0,0.03232221305370331
1787560222.1665957,0.0,0.0,0.03234003484249115
1787560222.215594,0.0,0.0,0.03246243298053742
1787560222.2673357,0.0,0.0,0.03238783776760101
1787560222.3165803,0.0,0.0,0.03235805034637452
1787560222.3652203,0.0,0.0,0.03228120505809783
1787560222.4163628,0.0,0.0,0.032318487763404846
1787560222.467766,0.0,0.0,0.032357171177864075
1787560222.515918,0.0,0.0,0.032354146242141724
1787560222.5660994,0.0,0.0,0.03236471116542816
1787560222.6163416,0.0,0.0,0.03235672414302826
1787560222.6695597,0.0,0.0,0.032341256737709045
1787560222.71604,0.0,0.0,0.032310515642166145
1787560222.7731898,0.0,0.0,0.032146021723747246
1787560222.8215294,0.0,0.0,0.03222523629665375
1787560222.8687005,0.0,0.0,0.03227370977401733
1787560222.9155788,0.0,0.0,0.032259166240692146
1787560222.9656067,0.0,0.0,0.03232401609420776
1787560223.0169873,0.0,0.0,0.03228200972080231
1787560223.0656307,0.0,0.0,0.03217993676662445
1787560223.1155212,0.0,0.0,0.03220109641551972
1787560223.1674364,0.0,0.0,0.03223794698715211
1787560223.217413,0.0,0.0,0.032342344522476196
1787560223.267536,0.0,0.0,0.032367438077926636
1787560223.315156,0.0,0.0,0.03233155608177185
1787560223.3652675,0.0,0.0,0.032300561666488654
1787560223.416598,0.0,0.0,0.032263994216918945
1787560223.4665582,0.0,0.0,0.03233993053436279
1787560223.5166802,0.0,0.0,0.03233690559864044
1787560223.5670443,0.0,0.0,0.032344475388526917
1787560223.618342,0.0,0.0,0.03230085968971253
1787560223.6665971,0.0,0.0,0.03225824236869813
1787560223.7160752,0.0,0.0,0.032277017831802375
1787560223.76635,0.0,0.0,0.032155439257621765
1787560223.8238173,0.0,0.0,0.03220275044441223
1787560223.8763418,0.0,0.0,0.03222332894802094
1787560223.9157665,0.0,0.0,0.03233863413333893
1787560223.9654129,0.0,0.0,0.03227804601192475
1787560224.0165236,0.0,0.0,0.03211447596549988
1787560224.0850945,0.0,0.0,0.032165423035621636
1787560224.1154795,0.0,0.0,0.03222346305847168
1787560224.1673088,0.0,0.0,0.03225879371166228
1787560224.2155666,0.0,0.0,0.0324096828699112
1787560224.2655725,0.0,0.0,0.03243565559387206
1787560224.3176208,0.0,0.0,0.03238593041896821
1787560224.366153,0.0,0.0,0.032219693064689636
1787560224.4156814,0.0,0.0,0.03215223550796509
1787560224.4652708,0.0,0.0,0.032089486718177795
1787560224.5162144,0.0,0.0,0.03211557865142823
1787560224.5657625,0.0,0.0,0.03224967420101166
1787560224.6205862,0.0,0.0,0.03236304223537445
1787560224.6660717,0.0,0.0,0.03234156966209412
1787560224.7156174,0.0,0.0,0.032288312911987305
1787560224.7654064,0.0,0.0,0.0322508066892624
1787560224.827794,0.0,0.0,0.03221864998340606
1787560224.865339,0.0,0.0,0.032301470637321486
1787560224.9166033,0.0,0.0,0.03230832517147064
1787560224.9654148,0.0,0.0,0.03227856755256653
1787560225.020834,0.0,0.0,0.03227908909320831
1787560225.0663743,0.0,0.0,0.03224979341030121
1787560225.117182,0.0,0.0,0.032149165868759155
1787560225.1652021,0.0,0.0,0.03217475116252899
1787560225.220655,0.0,0.0,0.03217186033725738
1787560225.267872,0.0,0.0,0.032166630029678345
1787560225.318368,0.0,0.0,0.03215785324573517
1787560225.3655508,0.0,0.0,0.03212693333625794
1787560225.4160843,0.0,0.0,0.0320553332567215
1787560225.4655936,0.0,0.0,0.03213125467300414
1787560225.5156426,0.0,0.0,0.03211775422096253
1787560225.565358,0.0,0.0,0.032109946012496955
1787560225.615577,0.0,0.0,0.032092705368995667
1787560225.6688824,0.0,0.0,0.0320671796798706
1787560225.7171974,0.0,0.0,0.03203670680522919
1787560225.7656133,0.0,0.0,0.03210745751857758
1787560225.8155785,0.0,0.0,0.03212116658687592
1787560225.8652682,0.0,0.0,0.03229010105133056
1787560225.9153519,0.0,0.0,0.03227370977401733
1787560225.9656181,0.0,0.0,0.0322093665599823
1787560226.0157967,0.0,0.0,0.032074689865112305
1787560226.0667932,0.0,0.0,0.03201012313365936
1787560226.1157448,0.0,0.0,0.03212708234786987
1787560226.166309,0.0,0.0,0.03221315145492554
1787560226.2155037,0.0,0.0,0.032334610819816596
1787560226.2673855,0.0,0.0,0.032347753643989556
1787560226.315945,0.0,0.0,0.03232717514038086
1787560226.3726952,0.0,0.0,0.032303586602211
1787560226.4228373,0.0,0.0,0.03233887255191803
1787560226.4651587,0.0,0.0,0.032396599650382996
1787560226.5158782,0.0,0.0,0.03249754011631012
1787560226.5665686,0.0,0.0,0.032556474208831794
1787560226.616701,0.0,0.0,0.032507970929145806
1787560226.6651702,0.0,0.0,0.03240247070789337
1787560226.7332385,0.0,0.0,0.03242586553096771
1787560226.767517,0.0,0.0,0.032416298985481276
1787560226.8163595,0.0,0.0,0.03242969512939453
1787560226.867557,0.0,0.0,0.032426297664642334
1787560226.9235597,0.0,0.0,0.032447963953018195
1787560226.966218,0.0,0.0,0.0324397087097168
1787560227.0154696,0.0,0.0,0.0324247032403946
1787560227.066028,0.0,0.0,0.03239458799362182
1787560227.1164496,0.0,0.0,0.03240080177783966
1787560227.166785,0.0,0.0,0.03238056600093842
1787560227.2156723,0.0,0.0,0.032377779483795166
1787560227.2763762,0.0,0.0,0.032413586974143975
1787560227.3272915,0.0,0.0,0.032487273216247566
1787560227.3656552,0.0,0.0,0.03250354528427124
1787560227.4150724,0.0,0.0,0.0324350744485855
1787560227.4655998,0.0,0.0,0.03238052129745484
1787560227.5161293,0.0,0.0,0.03240941464900971
1787560227.5653884,0.0,0.0,0.0324704647064209
1787560227.6153588,0.0,0.0,0.032543838024139404
1787560227.66719,0.0,0.0,0.03252764046192169
1787560227.7157094,0.0,0.0,0.03246016800403595
1787560227.7653556,0.0,0.0,0.03246976435184479
1787560227.8154764,0.0,0.0,0.03234353661537171
1787560227.8731647,0.0,0.0,0.032430648803710944
1787560227.9155128,0.0,0.0,0.032454580068588264
1787560227.965328,0.0,0.0,0.032520532608032234
1787560228.0178792,0.0,0.0,0.03250649571418763
1787560228.0651872,0.0,0.0,0.032503098249435425
1787560228.1248956,0.0,0.0,0.032405972480773926
1787560228.1665025,0.0,0.0,0.03244835138320923
1787560228.2188063,0.0,0.0,0.03245215117931367
1787560228.2677205,0.0,0.0,0.03244924545288086
1787560228.315375,0.0,0.0,0.032444730401039124
1787560228.3659337,0.0,0.0,0.032466039061546326
1787560228.4156315,0.0,0.0,0.03234969079494476
1787560228.4662306,0.0,0.0,0.03226153552532196
1787560228.5200953,0.0,0.0,0.03228355944156647
1787560228.5666122,0.0,0.0,0.032301247119903564
1787560228.6150537,0.0,0.0,0.032296329736709595
1787560228.6654785,0.0,0.0,0.03228925168514252
1787560228.7183712,0.0,0.0,0.03221756219863891
1787560228.7687798,0.0,0.0,0.032206013798713684
1787560228.8201895,0.0,0.0,0.03224469721317291
1787560228.8713257,0.0,0.0,0.03225581347942353
1787560228.9183214,0.0,0.0,0.03232431411743165
1787560228.971144,0.0,0.0,0.03234772384166717
1787560229.0164628,0.0,0.0,0.03228472173213959
1787560229.0662353,0.0,0.0,0.032176777720451355
1787560229.118504,0.0,0.0,0.03213667869567872
1787560229.1674836,0.0,0.0,0.03219690918922424
1787560229.221435,0.0,0.0,0.03236915171146393
1787560229.2683535,0.0,0.0,0.03236159682273864
1787560229.326033,0.0,0.0,0.03235641121864318
1787560229.3710167,0.0,0.0,0.032253012061119087
1787560229.4157999,0.0,0.0,0.03224292397499085
1787560229.466857,0.0,0.0,0.03227439522743225
1787560229.5176919,0.0,0.0,0.03240932524204254
1787560229.5772324,0.0,0.0,0.03240428864955902
1787560229.6153762,0.0,0.0,0.03240929543972016
1787560229.670271,0.0,0.0,0.03235113620758057
1787560229.7165377,0.0,0.0,0.03232739865779877
1787560229.7774177,0.0,0.0,0.03237532079219819
1787560229.825718,0.0,0.0,0.03241896629333497
1787560229.87746,0.0,0.0,0.03240001201629639
1787560229.9172497,0.0,0.0,0.032405674457550056
1787560229.9663794,0.0,0.0,0.0323815792798996
1787560230.0200875,0.0,0.0,0.03229424357414246
1787560230.072854,0.0,0.0,0.0323086827993393
1787560230.1217232,0.0,0.0,0.032366156578063965
1787560230.188092,0.0,0.0,0.03244616091251374
1787560230.2164588,0.0,0.0,0.03245256841182709
1787560230.2728438,0.0,0.0,0.03238748013973237
